Satz ID,Zusammenfassung Wikipedia,Handlung?: Evelyn,Handlung?: Michael,Zusammenfassung Kindler,Handlung?: Evelyn,Handlung?: Michael,,Wikipedia,Kindler,Anteil Prüfen Wikipedia,Anteil Prüfen Kindler
1,"In einem Wirtshaus trifft der Jäger Hopp einen Landstreicher, genannt der Gelbe,",x,x,"Krambambuli heißt ein Danziger Kirschbranntwein,",-,-,,ok,ok,0,0
2,der seinen Hund bei sich hat.,x,x,mit dem der arrivierte Revierjäger Hopp einem stellungslosen Forstgehilfen einen schönen und gelehrigen Hund abkauft.,x,x,,ok,ok,,
3,Jäger Hopp empfindet große Zuneigung wie noch bei keinem anderen Hund.,x,x,Fortan trägt auch der Hund diesen Namen.,-,-,,ok,ok,,
4,"Deshalb tauscht er mit dem Gelben zwölf Flaschen Krambambuli gegen den Hund,",x,x,"Erst nach drakonischer Dressurarbeit unterwirft er sich seinem neuen Herrn,",x,x,,ok,ok,,
5,den Jäger Hopp von nun an Krambambuli ruft.,x,x,"dann aber wird er zu dessen unentbehrlichem Begleiter,",-,-,,ok,ok,,
6,"Der Hund sträubt sich sowohl mit dem Jäger mitzugehen als auch ihm zu gehorchen,",x,x,so dass der Erzähler gar von Hopps „echter Liebe“ spricht.,x,x,,ok,ok,,
7,und erst nach zweimonatiger brutaler Unterwerfung wird der Hund zu einem treuen Freund und Hüter des Jägers Hopp.,x,x,", der im Dorf ein strenges Regiment führt,",x,x,,ok,ok,,
8,Die beiden hängen sehr aneinander.,x,x,"Als eines Tages der Oberförster [siehe oben] von Holzdieben ermordet wird,",x,x,,ok,ok,,
9,"Eines Tages kommt die Gräfin und verlangt von Hopp, seinen Krambambuli als Geburtstagsgeschenk für ihren Gatten herzugeben.",x,x,findet Hopp die Leiche im Wald.,x,x,,ok,ok,,
10,"Der Jäger übergibt Krambambuli der Gräfin nur unter der Auflage, dass er ihn zurückbekommt wenn es dem Grafen nicht gelingt, den Hund zu füttern und ihn für sich zu gewinnen.",x,x,Beim Beschnüffeln der hinterlassenen Tatwaffe erwacht in Krambambuli „eine längst verstorbene Erinnerung“ –,x,x,,ok,ok,,
11,"Wenig später darf Hopp seinen – mittlerweile heruntergekommenen – Hund abholen,",x,x,"denn der Anführer der „Waldfrevler“ ist niemand anderes als sein früherer Herr, der Vagabund.",-,-,,ok,ok,,
12,da dieser tatsächlich jedes Futter verschmähte,x,x,"Das unerwartete Aufeinandertreffen von Hopp und dem Mörder wird für Krambambuli zur tragischen Zerreißprobe seiner Zugehörigkeit,",-,-,,ok,ok,,
13,"und jeden Menschen biss, der sich ihm näherte.",x,x,zumal beide Männer im Affekt ihre Waffen aufeinander richten.,x,x,,ok,ok,,
14,Zur selben Zeit treibt sich eine Bande von Wildschützen in der Gegend umher.,x,x,Weil Krambambuli sich schließlich für den Vagabunden entscheidet,x,x,,ok,ok,,
15,Das Forstpersonal greift daher härter durch.,x,x,"und ihn liebkosend anspringt,",x,x,,ok,ok,,
16,"So verprügelt der Oberförster eine Gruppe von Frauen,",x,x,verfehlt dieser sein Ziel,x,x,,ok,ok,,
17,"als er diese beim Pflücken von Lindenblütenzweigen erwischt,",x,x,und wird selbst tödlich von Hopp getroffen.,x,x,,ok,ok,,
18,"und stürzt eine Gruppe Buben aus großer Höhe aus dem Baum,",x,x,Der Hund folgt dem Leichnam zum Grab,x,x,,ok,ok,,
19,was schwere Verletzungen zur Folge hat.,x,x,und kehrt nicht mehr zum Jäger zurück.,x,x,,ok,ok,,
20,"Wie sich herausstellt, ist eine dieser Frauen die Geliebte des Gelben.",-,-,"Nach einiger Zeit taucht er wieder auf, verwahrlost, verunsichert und aggressiv.",x,x,,ok,ok,,
21,Dieser übt am Oberförster Rache,x,x,"Hopp, schwer enttäuscht vom Fehlverhalten seines Tieres, entschließt sich erst nach langem Zögern, es wieder bei sich aufzunehmen.",x,x,,ok,ok,,
22,und bringt ihn um.,x,x,"Doch am nächsten Morgen liegt der abgemagerte Krambambuli tot vor seiner Tür, „den Kopf an die Schwelle gepresst, die zu überschreiten er nicht mehr gewagt hatte“.",x,x,,ok,ok,,
23,Jäger Hopp findet den Oberförster tot auf.,x,x,,,,,ok,,,
24,Dieser ist mit Lindenblüten verziert.,-,-,,,,,ok,,,
25,Außerdem liegt dort ein vom Mörder gegen das Gewehr des Oberförsters ausgetauschter alter Schießprügel.,-,-,,,,,ok,,,
26,Einige Tage später laufen sich der Gelbe und Jäger Hopp über den Weg.,x,x,,,,,ok,,,
27,Beide sind bewaffnet;,-,-,,,,,ok,,,
28,"der Gelbe mit dem Hinterlader des Oberförsters,",-,-,,,,,ok,,,
29,welcher ihn als Täter ausweist.,x,x,,,,,ok,,,
30,"Hopp weist Krambambuli an, den Gelben zu fassen,",x,x,,,,,ok,,,
31,doch der Hund ist zwischen seinem alten und seinem neuen Herrn hin- und hergerissen.,x,x,,,,,ok,,,
32,"Letztendlich entscheidet er sich für seinen alten Herrn,",x,x,,,,,ok,,,
33,und Hopp erschießt den Wildschützen.,x,x,,,,,ok,,,
34,"Vor lauter Zorn will Hopp auch den Hund töten,",x,x,,,,,ok,,,
35,doch er bringt es nicht übers Herz,x,x,,,,,ok,,,
36,und lässt ihn bei der Leiche zurück.,x,x,,,,,ok,,,
37,Krambambuli streunt nun herrenlos und hungernd umher.,x,x,,,,,ok,,,
38,"Er sehnt sich nach seinem Herrn,",x,x,,,,,ok,,,
39,ist sich aber seines Verrats bewusst,-,-,,,,,ok,,,
40,und traut sich nicht zu ihm nach Hause.,-,-,,,,,ok,,,
41,So streunt er in der Nähe des Forsthauses herum,x,x,,,,,ok,,,
42,"und verelendet immer mehr,",x,x,,,,,ok,,,
43,da er keine Nahrung findet.,x,x,,,,,ok,,,
44,Er bettelt im Dorf erfolglos um Essen,x,x,,,,,ok,,,
45,und magert immer mehr ab.,x,x,,,,,ok,,,
46,"Nach einiger Zeit sehnt sich Jäger Hopp so sehr nach seinem Hund,",x,x,,,,,ok,,,
47,dass er sich auf die Suche nach ihm macht.,x,x,,,,,ok,,,
48,"Als er eines Morgens vor die Haustüre tritt,",x,x,,,,,ok,,,
49,stolpert er über den verendeten Hund;,x,x,,,,,ok,,,
50,"dieser hatte sich mit seiner letzten Kraft vor die Tür seines Herrn geschleppt,",x,x,,,,,ok,,,
51,"aber nicht gewagt, sich bemerkbar zu machen.",-,-,,,,,ok,,,
52,So ist Krambambuli schließlich vor der Tür an Hunger und Entkräftung gestorben.,x,x,,,,,ok,,,
53,Hopp wird den Verlust nie verschmerzen.,-,-,,,,,ok,,,