Event_ID,AnnotatorC,AnnotatorN,AnnotatorH,AnnotatorM,AnnotatorR,AnnotatorB,AnnotatorE,AnnotatorT,AnnotatorW,AnnotatorAA,AnnotatorX
1,In Santiago de Chile beginnt der junge Spanier Jeronimo Rugera eine Liebesbeziehung mit der Tochter des reichen Edelmannes Don Henrico Asteron.,Jeronimo Rugera ist Lehrer in Santiago de Chile.,Im Mittelpunkt der Handlung steht ein Erdbeben in der Stadt St. Jago.,Donna Josephes Vater will die Hochzeit seiner Tochter und Jeronimo Rugera verhindern und bringt sie in ein Kloster.,Der Protagonist und Lehrer Jeronimo Rugera hat eine liebliche Beziehung zu seiner Schülerin Donna Josephe.,Jeronimo und Josephe hatten eine heimliche Beziehung und ein Kind.,Im Jahre 1647 sind durch eine große Erderschütterung viele tausend Menschen in der Hauptstadt des Königreichs Chili St. Jago gestorben.,Jeronimo Rugera hatte vor einem Jahr eine Liebesbeziehung mit der Tochter des einflussreichen Don Henrico Asteron.,Liebesverhältnis von Jeronimo Rugera und Donna Josephe.,"Jeronimo Rugera ist als Hauslehrer von Donna Josephe tätig, verliert jedoch seine Stelle, als die Affäre zwischen den beiden ans Licht kommt.",Die verbotene Liebe von Jeronimo und Josephe
2,"Beide treffen sich heimlich weiter, nach dem beide von Josephens Bruder verraten werden.",Er führt eine heimliche Beziehung mit Donna Josephe.,Das Erdbeben zerstört die Stadt.,Dort bekommt Donna Josephe ein uneheliches Kind.,Der Bruder von Donna Josephe verpetze beide beim Vater.,Der Vater von Josephe kam dahinter.,Ein Spanier namens Jeronimo Rugera wurde wegen eines zärtlichen Einverständnisses mit der Tochter einer der reichsten Edelleute der Stadt Don Henrico Asteron namens Donna Josephe angeklagt.,Don Henrico Asteron war gegen die Beziehung und schickte seine Tochter ins Kloster.,Verrat durch den Bruder Josephes.,"Trotz dem Skandal wird die Beziehung im Garten des Klosters, wo Josephe von ihrem reichen Vater hingebracht wird, weitergeführt.",Die Schwangerschaft von Josephe und das Todesurteil an Jeronimo und Josephe
3,Josephe wird schwanger und beide Liebenden werden inhaftiert.,Sie werden von Josephes Bruder verraten.,Die zentralen Figuren sind Jeromino Rugera und Donna Josephe.,Daraufhin kommt Jeronimo ins Gefüngnis und Josephe soll hingerichtet werden.,Der wohlhabende Vater der Tochter missfällt das innige Verhältnis des Lehrers zu seiner einzigen Tochter.,Beide wurden für diese Beziehung bestraft.,Donna Josephe wurde zur Enthauptung verurteilt.,Donna Josephe und Jeronimo nahmen ihre Beziehung erneut in einem Kloster auf.,Entlassung Jeronimos.,"Die Begegnungen gehen so lange weiter, bis Josephes Schwangerschaft enthüllt und sie dadurch inhaftiert wird.",Suizidversuch von Jeronimo
4,Jeronimo erfährt im Gefägnis von Jopsephes Todesurteil und will sich in seiner Zelle erhängen.,Jeronimo wird entlassen.,Beide führen eine aus religiösen Gründen verbotene Beziehung.,Am Tag ihrer Hinrichtung will sich Jeronimo im Gefüngnis erhüngen.,Zu allem Übel ist die Tochter von Don Henrico Asteron zusätzlich noch Schwanger vom Lehrer.,Jeronimo kam ins Gefängnis.,Die große Erderschütterung begann als Donna Josephe auf dem Weg zur Enthauptung war und Jeronimo sich erhängen wollte.,Dort wird der Sohn Philipp geboren.,Josephe kommt ins Kloster.,"Aber nicht nur sie, sondern auch ihr Geliebter Jeronimo wird verhaftet, der im Gefängnis von Josephes Schicksal erfährt und daran verzweifelt.",Rettung durch eine Naturkatastrophe
5,Ein Erdbeben zerstört kurz davor die Gefägnismauern und den größte Teil der Stadt.,Josephe wird in einem Kloster untergebracht.,Aufgrund der Beziehung sollten beide vor der städtischen Bevölkerung bestraft werden.,Ein gewaltiges Erdbeben zerstört die Stadt und beide überleben und können fliehen.,Zur Strafe musste Jeronimo Rugera ins Gefängnis und Donna Josephe ins Kloster,Sie war mit dem Kind in einem Kloster.,Das unerwartete Erdbeben gibt Jeronimo wieder Hoffnung und er fängt an überall nach Josephe zu suchen.,Donna Josephe soll wegen Unzüchtigkeit hingerichtet werden.,Josephe wird im Kloster von Jeronimo geschwängert.,"Josephe wird nach der Geburt ihres Sohnes zum Tode verurteilt, was Jeronimo dazu bewegt, einen Fluchtversuch durchzunehmen.",Die Vorstellung von einer besseren Welt durch Solidarität
6,Jeronimo kann sich aus den Gefägnistrümmern befreien und flieht aus der Stadt.,Beide treffen sich heimlich.,Das Erdbeben verhindert den Vollzug der Bestrafung.,Josephe kann auch ihren Sohn Philipp aus dem Kloster retten.,Ein schicksalhafter Erdbeben im Handlungsort St. Jago in Chili mischte aber die Karten neu.,Josephe sollte als Strafe enthauptet werden.,Als Jeronimos Hoffnung fast verloren ging fand er Josephe mit ihrem Kind in einem weiten und von wenigen Menschen besuchten Tal.,Jeronimo wird inhaftiert und will seinem Leben ebenfalls ein Ende setzen.,Skandal.,"Als sein Fluchtversuch scheitert, sieht er keinen anderen Weg mehr, als sich das Leben zu nehmen.",Zerstörung der Hoffnung durch Anschuldigung des Bischofs
7,"Auf einem Hügel erinnert er sich an seine Geliebte und kehrt zurück, um nach ihr zu suchen.",Josephe wird schwanger.,Beide kommen durch das Erdbeben wieder frei.,Das Paar findet sich außerhalb der Stadt in einem Wald wieder.,Chaotische Zustände trugen sich während der Erderschütterung zu.,Jeronimo betet für ein Schicksalsschlag.,Jeronimo und Josephe waren glücklich sich wiederzusehen und beschlossen nach Spanien einzuschiffen.,Kurz vorher ereignet sich ein schweres Erdbeben durch welches Jeronimo aus dem Gefängnis entkommen kann.,Josephe soll hingerichtet werden.,"Dazu kommt es jedoch durch ein gewaltiges Erdbeben nicht, das die Gefängnismauern sprengt und so Jeronimo die Freiheit bringt.",Mord durch einen Lynchmob
8,Er findet sie nach langer Suche an einer Quelle mit dem gemeinsamen Sohn.,Jeronimo wird inhaftiert.,Durch das Chaos der Katastrophe erlangen Jeromino Rugera und Donna Josephe,Dort schließen sie sich der Familie vom aufrichtigen Don Fernando.,Das Erbeben verhinderte die Hinrichtung von Donna Josephe und den zuvor beschlossenen Freitod des Lehrers.,Es passierte nichts.,Am nächsten Morgen kam ein Bekannter namens Don Fernando zu Josephe und bat sie seinen hungrigen Säugling an ihre Brust nehmen.,Die Hinrichtung an Josephe wurde wegen des Erdbebens nicht vollzogen.,Jeronimo muss ins Gefängnis.,"Die Naturkatastrophe verursacht viele Tote und Verletzte, doch sowohl Jeronimo, als auch Josephe und der Sohn Philipp, können aus den Trümmern entfliehen.",Die Verwechslung von Tätern und Nichttätern
9,Die wiedervereinte Familie setzt sich in der Nähe anderer Überlebender unter einen Granatapfelbaum zum Ruhen.,Josephe bekommt die Todesstrafe.,eine gewisse neue Anonymität.,Josephe stillt auch Don Fernandos geschwüchten Sohn Juan.,Beide begegnen sich nach diesem Unglück in Freiheit als vereinte Familie wieder.,Er wollte sich das Leben nehmen.,Don Fernando war sehr dankbar über die Güte von Josephe und seine Familie war freundlich zu ihr.,Jeronimo und Josephe werden mit ihrem Sohn vereint und schmieden Fluchtpläne.,Ein Erdbeben befreit beide.,"Die beiden Geliebten beschließen nach Spanien zu fliehen, lassen aber ihre Fluchtpläne fallen, nachdem sie merken, dass das Erdbeben vieles verändert hat.",Die Adoption des Kindes durch Don Fernando und Donna Elvire
10,"Die Überlebenden erhalten bald die Nachricht, dass in einer nicht zerstörten Kirche der Stadt eine Messe gelesen wird.",Jeronimo will sich im Gefängnis erhängen,Nach dem Erdbeben zeigt sich die Bevölkerung gegenseitig sehr hilfsbereit.,Jeronimo und Josephe nehmen das Erdbeben als einen Segen wahr.,Jeronimo Rugera sieht zum ersten Mal seinen Sohn Phillip.,Kurz davor kam es zu einem schweren Erdbeben.,Josephe und Jeronimo glauben an die Vertraulichkeit und Güte der Menschen aufgrund der Katastrophe und beschlossen nicht mehr nach Europa einzuschiffen.,Die Stadt wird nun von Solidarität und Herzlichkeit dominiert.,Sie treffen sich außerhalb der Stadt.,"Josephe gibt Don Fernandos Sohn Juan die Brust, da die Familie durch das Erdbeben keine Unterkunft mehr hatte und auf Hilfe angewiesen war.",Infragestellung von geltender Norm und Moralvorstellungen
11,Die Meisten machen sich auf den Weg in die Stadt.,Währenddessen kommt es zu einem Erdbeben in Santiago,Jeromino Rugera und Donna Josephe finden Schutz bei einer Gruppe Überlebender.,Die Gruppe zieht zum Beten in die einzige noch stehende Kirche in die Stadt.,Außerhalb von der Hauptstadt finden sich die Bewohner der Stadt und die Familie in einem Tal zum nächtigen wieder.,Er flieh aus dem Gefängnis.,Sie haben sich entschieden schriftlich das Versöhnungsgeschäft mit dem Vizekönig zu betreiben.,Jeronimo und Josephe lernen Don Fernando und dessen Familie kennen.,Sie begegnen Don Fernando.,"Josephe ist daraufhin sehr verwundert, dass ihre Hilfe herzlich angenommen und sie nicht mehr verurteilt wurde, sodass sie mit ihrem Geliebten beschließt, in die Kirche zu gehen.",
12,In der Kirche erkennt ein Überlebender Josephe und ein Durcheinander bricht aus.,und Jeronimo schafft es zu fliehen.,Mit der Gruppe begibt sich das Paar zu einem Gottesdienst.,Wührend der Festlichkeit lenkt Meister Pedrillo die Aufmerksamkeit der Masse auf die Taten Jeronimos und Josephes.,Das tragische Erdbeben und dessen schrecklichen Folgen stellt ein Gemeinsamkeitsgefühl zwischen all jenen Traumatisierten her.,Er suchte nach seiner Familie.,Die Erdstöße ließen am Nachmittag nach.,Beide ziehen zusammen zum Gottesdienst auf.,Die Menschen haben sich anscheinend versöhnt.,"In der Kirche angekommen, werden die beiden sofort erkannt und angegriffen, da die Zeugung eines unehelichen Kindes im Klostergarten von der Gesellschaft als Ursache für das Erdbeben angenommen wurde.",
13,Josephe und Jeronimo werden in dem Durcheinander getötet.,Josephe flieht ebenfalls durch das Erbeben von dem Richtplatz.,Bei diesem Gottesdienst wird das Paar erkannt.,Nach einigen Verwechslungen zwischen den zwei Paaren und den zwei Kindern richtet sich die Wut der gesamten Menschenmenge auf sie.,Donna Josephe versorgt Donna Elisabeths und Don Fernandos Kind mit der Brust aufgrund einer Verletzung Donna Elisabeths.,Er fand sie.,Eine feierliche Messe wurde von dem Prälaten des Klosters in der Dominikanerkirche gelesen.,Dort kommt es zum Tumult und Josephe und Jeronimo werden für das Erdbeben verantwortlich gemacht.,Sie gehen zurück in die Stadt um einer Messe beizuwohnen.,Josephe und Jeronimo müssen beide vor Ort sterben – Jeronimo sogar durch die Hand seines eigenen Vaters.,
14,,Rettet ihren Sohn.,Es wird durch ihre Unzüchtigkeit für das Unglück verantwortlich gemacht.,"Trotz ihres Fluchtversuchs werden Don Fernandos Schwügerin, Jeronimo und Josephe getötet.",Dadurch entwickelt sich ein enges Band zwischen den beiden in Not geratenen Familien.,Sie trafen auf Don Fernando und seine Familie.,Jeronimo und Josephe gingen mit Don Fernandos Gesellschaft in die Dominikanerkirche und nahm an dieser Feierlichkeit teil.,"Don Fernandos Schwägerin, sein Sohn, Josephe und Jeronimo werden vom Mob getötet.",Jeronimo und Josephe werden getötet.,"Pedrillo, der Mörder von Josephe, lässt es nicht nur bei einem Opfer und schnappt sich ebenso das Kind von Don Fernando.",
15,,Jeronimo und Josephe treffen sich wieder.,Am Schluss tötet das Volk das Paar aus Wut.,Don Fernando hült seinen Sohn Juan und Jeronimos Sohn Philipp auf dem Arm.,Eine Kathedrale in der Stadt blieb weitestgehend vom Erbeben verschont und lädt daraufhin zur Predigt ein.,Beide halfen sich gegenseitig.,Der Chorherr verurteilte wieder der Frevel von Jeronimo und Josephe in dem Klostergarten der Karmeliterinnen und glaubte fest an den Zusammenhang zwischen dem Weltuntergang und ihrem Frevel.,Philipp wird von Don Fernando und seiner Frau Donna Elvira aufgezogen.,Ihr Kind wird von Don Fernando aufgenommen.,"Don Fernando bleibt mit dem Säugling Philipp zurück und beschließt, zusammen mit seiner Frau, das Kind zu sich zu nehmen und es aufzuziehen.",
16,,Nachdem beide von der Bevölkerung wieder erkannt werden.,,Meister Pedrillo reißt ihm eines der Kinder vom Arm und tötet es brutal.,Die Bewohner und die beiden Familien außer die kranke Elisabeth finden sich in der kirchlichen Anlage ein.,Am nächsten Tag gingen sie zum Gottesdienst.,Don Fernandos Gesellschaft versuchte durch eine Rettungsmaßnahme Jeronimo und Josephe zur Flucht zu verhelfen.,,,,
17,,Werden sie als Schuldige für das Erdbeben angesehen.,,Erst dann ist die wütende Masse befriedigt.,Die nach dem Erdbeben gewonnene Harmonie der Menschen schlägt sich in der anklagenden Predigt in Hass und Zorn um.,Man erkannte beide und ihre Schandtat.,Der Schuhflicker Pedrillo erkannte Josephe und wiegelte die Massen auf Jeronimo und Josephe zu töten.,,,,
18,,Am Ende sterben Josephe und Jeronimo.,,Don Fernando kehrt mit Philipp nach Hause und zieht ihn gemeinsam mit seiner Frau Donna Elvire auf.,Angeklagt sind in diesem Falle Jeronimo Rugera und seine Geliebte deren Sittenwidriges Verhalten den Zorn Gottes heraufbeschworen hatte und damit als Verursacher der Naturkatastrophe herhalten müssen.,Beide wurden getötet und das Baby überlebte.,Josephe setzte den von Jeronimo bisher getragenen kleinen Philipp samt dem kleinen Juan auf Don Fernandos Arm und bat ihn ihr Kind zu retten.,,,,
19,,,,,Es beginnt eine Hetzjagd bei dem die beiden Liebenden und das Baby von Don Fernando ums Leben kommen.,Don Fernandos Baby wurde auch umgebracht.,Jeronimo und Josephe wurden von den rasenden Haufen getötet.,,,,
20,,,,,Don Fernando bleibt am Leben und kehrt zusammen mit dem übrig gebliebenen Phillip zu seiner Frau Elisabeths zurück.,Don Fernando und seine Frau adoptierten das Kind.,Pedrillo hörte aber nicht auf und nahm ein Kind vom Don Fernandos Arm und tötete Juan.,,,,