Event_ID,AnnotatorG,AnnotatorI,AnnotatorQ,AnnotatorO,AnnotatorP,AnnotatorT,AnnotatorY,AnnotatorA,AnnotatorZ
1,Es geht in der Novelle um mehrere Todesfälle.,Im Dorf herrscht eine gewisse Form der Selbstjustiz vor.,Friedrich Mergel wächst nach seiner Geburt im Jahr 1738 in ärmlichen Verhältnissen bei seiner Mutter Margareth und seinem alkoholabhängigen und gewalttätigen Vater Hermann in dem malerischen Dorf B. auf.,Der Protagonist der Geschichte ist Friedrich Mergel.,Der Vater von Friedrich hat am Tag seiner Hochzeit seine Braut und sich selbst mit einem abgebrochenen Flaschenhals verletzt.,Im ärmlichen Dorf B. wächst Friedrich „Fritz“/„Fritzchen“ Mergel unter schwierigen Bedingungen mit seinem Vater Hermann und seiner streng christlichen Mutter Margreth auf.,Friedrich Mergel ist der Sohn eines Kleingrundbesitzers.,"Friedrich Mergel, der einzige Sohn eines kleinen Grundbesitzers, wird im Dorf B., das mitten im Wald liegt und sich mit der Zeit zu einem Dorf voller Schlägereien und Holz- wie Jagdfrevel entwickelt hat, geboren.",Die Novelle spielt in einem kleinen Dorf mit eigenen Regeln und Justiz im 18. Jahrhundert.
2,Die erzählte Handlung erstreckt sich über mehrere Jahrzehnte.,Der Vater Friedrich Mergels stirbt in einer stürmischen Winternacht.,Der Vater stirbt allerdings in Friedrichs neunten Lebensjahr auf seinem nächtlichen Heimweg durch den Wald in einem Sturm.,Er wurde im Jahr 1738 in einem westfälischen Dorf geboren.,Zwei Jahre nach der Eheschließung gebar seine zweite Frau einen Sohn namens Friedrich.,Im Dorf wird häufig Holz geklaut und die Förster erfahren großes Ansehen in der Dorfgemeinde.,"Gesetze werden in der Gemeinde, in der er lebt, nicht respektiert.","Der Vater, Hermann Mergel, ist ein ordentlicher Säufer und verliert dadurch eine hübsche und wohlhabende Ehefrau.",In diesem Dorf heiratet ein verwitweter Trinker eine schöne Frau und zeugt einen Sohn mit ihr.
3,Friedrich Mergel wächst in ärmlichen Umständen auf.,Friedrich lebt deshalb als Kuhhirte mit seiner Mutter zusammen.,So nimmt sich der Onkel Simon Semmler seines Neffen in dessen zwölften Lebensjahr zur erzieherischen Erleichterung der Mutter an.,"Sein Vater starb, als er neun war.",Nach einer Hochzeit findet man den Ehemann tot im Unterholz.,Hermann Mergel ist stark alkoholabhängig und wird eines Tages tot im Wald gefunden.,"Die Einwohner stehlen und diejenigen, die die Gerechtigkeit verteidigen, werden nicht akzeptiert.",Hermann Mergel hat daraufhin viel Ärger am Hals und sein Leben besteht nur noch aus Enttäuschungen bis sein Glück auf Margareth Semmler trifft – eine anständige und kluge Frau.,Der Junge heißt Friedrich Mergel und sein Vater stirbt betrunken im Wald als Friedrich Neun Jahre alt ist.
4,Er kümmert sich um eine Herde Kühe.,Eines Tages wird er von seinem Onkel Simon adoptiert.,"Bei seiner ihn mehr und mehr seiner Mutter entziehenden Arbeit auf dem Hof seines Onkels freundet sich Friedrich in den folgenden Jahren mit dem ihm zur Beunruhigung der Mutter sehr ähnlich sehenden, gleichaltrigen Schweinehirt seines Onkels, Johannes Niemand, an.",Sein Vater war ein Trinker.,Der Jude Aaron wird von Friedrichs Mutter als Dieb bezeichnet.,Einige Jahre später kommt Fritz in die Obhut seines Onkels Simon.,"Friedrichs Vater Hermann ist ein sehr gewalttätiger Bauer, vor allem gegenüber seiner Frau.","Margareth trifft anfangs, trotz des Unverständnisses der Gesellschaft über die anstehende Ehe zwischen ihr und dem Säufer Hermann, sehr selbstsicher auf.",Der Bruder der Mutter Simon nimmt sich dem Jungen an.
5,Friedrichs Charakter wandelt sich stark innerhalb der Handlung.,Friedrich arbeitet von nun an zusammen mit Johannes Niemand für seinen Onkel.,Schließlich hütet Friedrich eines Nachts in seinem 18. Lebensjahr die Kühe seiner Mutter in der Nähe des von Geräuschen des Holzfällens krachenden Brederwaldes.,Er wurde von seinem Onkel Simon Semmler beeinflusst.,Nach der Beisetzung des Ehemannes klopft Magrets Bruder an die Haustür und spricht mit seiner Schwester über ihr Leben und ihr Kind.,Simons Sohn Johannes sieht Fritz zum Verwechseln ähnlich.,Nach einigen Jahren wird er tot aufgefunden.,"Auch sie schafft es jedoch mit der Zeit nicht, mit ihm eine glückliche Ehe zu führen und muss sich an den täglichen Lärm im Haus gewöhnen.",Bei Simon lebt auch ein Junge der verwahrlost aussieht aber auch Ähnlichkeit mit Friedrich hat.
6,Er ist mit in die Morde an Barin sowie am Juden Aaron verwickelt.,Im Wald gibt es eine Holzfrevlerbande namens die Blaukittel.,"Der auf seiner Lichtung mit seinen Kameraden auftauchende und ihn ansprechende Oberförster vermutet hinter den Geräuschen die Blaukittel, eine Bande von Holzfrevlern.",Der Onkel Simon Semmler ist einem hässlichen Junggesellen.,Magrets Bruder adoptiert Friedrich aber er entzieht ihm seine Mutter nicht.,Der Förster Brandis wird tot aufgefunden und Fritz gerät unter Tatverdacht.,Er starb ohne Sakramente.,Im zweiten Jahr der Ehe verringert sich dann endlich der Lärm durch die Geburt des Sohnes Friedrich.,Das Dorf ist umgeben von Wald und es wird Holz ohne Erlaubnis gerodet.
7,F. Mergel verschwindet nach dem Tod des Juden Aaron für lange Zeit.,Friedrich schickt den ihn beleidigenden Förster Brandi aus Wut in Richtung einer Buche.,Friedrich weist ihn aber auf seine Fragen hin aufgrund der Unfreundlichkeit des Oberförsters in die falsche Richtung von den anderen Förstern weg.,Der Protagonist freundet sich mit Johannes Niemand an.,Die Mutter findet einen fremden Jungen am Feuer vor und er sieht genauso aus wie Friedrich.,Man findet keine Beweise um Fritz die Tat nachzuweisen.,"Im Aberglauben wurde er zu einem Geist, der durch die Wälder streift.","Als Friedrich neun Jahre alt ist, zieht ein heftiges Gewitter auf und damit auch eine schlechte Nachricht für Frau Semmler: Hermann Mergel wird tot aufgefunden.",Die Dorfbewohner versuchen den Dieben auf die Spur zu kommen.
8,Er wird am Ende erhängt in der Judenbuche vorgefunden.,Später wird Brandis Leiche dort gefunden.,Am folgenden Mittag verbreitet sich im Dorf B. die Nachricht von der Ermordung des Oberförsters Brandis im Brederwald.,Johannes ist das Doppelgänger von Friedrich.,Johannes Niemand ist des Onkels Schweinehirt und er hat keinen Vater,Einige Jahre später wird Fritz öffentlich vom Juden Aaron gedemütigt.,Friedrich leidet unter dieser Situation.,"Friedrich zieht sich danach in sich selbst zurück und wir als ein scheuer angesehen, bis sein Onkel Simon Semmler im Haus auftaucht.",Friedrich Mergel hat die Aufgabe die Kühe zu hüten.
9,Die Judenbuche ist eine alte Buche in der Nähe des Dorfes B.,Friedrich wird bei einer Gerichtsverhandlung zu diesem Fall verhört.,"In dem folgenden Gerichtsprozess kann trotz der Zeugenaussagen Friedrichs, von Bauern, von Knechten, von Hirten und von den Forstbeamten kein Täter gefunden werden.","Eines Tages wird Brandis, der Oberförster , tot aufgefunden.",Sein Onkel holt Friedrich immer häufig ab für Arbeiten.,Aaron wird einige Tage später tot unter einer Buche gefunden.,Er wird von seinem Onkel Simon Semmler adoptiert.,"Simon betreibt viele Geschäfte und braucht dabei unterstützende Hände, sodass er Margareth anbietet, Friedrich zu adoptieren.",Eines Tages hat Friedrich eine Begegnung mit den wachenden Förstern im Wald und kommt verfrüht und krank nach hause.
10,Nach der Ermordung von Aaron kaufen Glaubensgenossen die Buche vom Gutsherrn.,Der Mord wird nicht geklärt.,Friedrichs Verdächtigung seines Onkels wird von diesem heruntergeredet.,In der Nacht zuvor hatten die beiden Männer Streit gehabt.,Holzdiebe treiben nachts im Wald ihr Unwesen uns keiner weiß wer sie sind.,Die jüdische Gemeinde kauft die Buche die von nun an die „Judenbuche“ genannt wird.,Unter dem negativen Einfluss seines Onkels wird der Junge stolz und fühlt sich überlegen.,"Frau Semmler geht trotz Bedenken auf das Angebot ein und schon ganz bald entwickelt sich ihr Sohn zu einem hübschen, selbstbewussten Burschen, was die Mutter stolz macht.",Im Wald wurde der Oberförster ermordet aufgefunden.
11,,Bei einer Hochzeit wird Friedrich von dem Juden Aaron auf seine Schulden hingewiesen.,So entfernt sich Friedrich aufgrund seiner Suche nach öffentlicher Bestätigung und Prunk nach diesen Geschehnissen in den kommenden Jahren nur noch weiter von seiner Mutter hin zu seinem Onkel.,"Friedrich wird beschuldigt, aber am Ende fällt die Anschuldigung.",Ein Förster beleidigt Friedrich und seine Mutter aufgrund dessen Friedrich die Holzdiebe nicht gehört hat.,"Die jüdische Gemeinde lässt auf Hebräisch „Wenn du dich diesem Orte nahest, so wird es dir ergehen, wie du mir getan hast“ in den Baum ritzen.","Während der Geschichte sterben viele Menschen, alle im Wald.","Friedrich baut Kontakt zu Johannes Niemand auf, der ebenfalls von Simon beschäftigt wird.",Ein Gerichtsverfahren zur Klärung des Tatbestandes wird abgehalten doch es kommt zu keiner Verurteilung.
12,,Einige Zeit später wird Aaron erschlagen an der Buche vorgefunden.,Auf einer Hochzeit im Dorf B. in seinem 22. Lebensjahr wird Friedrich dann von dem Gutsherr Herr von S. im Streit um Schulden mit dem Juden Aaron beobachtet.,Eines Tages geht er zu einer Hochzeit und wird vom Juden Aroon beschuldigt um ein Uhr nicht bezahlt zu haben.,Förster Brandes wird von einem Holzdieb mit einer Axt ermordet.,Friedrich gerät erneut unter Tatverdacht kann aber mit Johannes fliehen.,"Alle Todesfälle deuten auf Friedrich hin, aber er ist unschuldig.","Die Bande „Blaukittel“ ist eine Gruppe von Holzdieben, bei deren Verfolgung der Förster Brandis ums Leben kommt – doch Friedrich schweigt.",Als Friedrich am Sonntag zur Beichte möchte hält ihn sein Onkel in einer unheimlichen Begegnung davon ab.
13,,Mitglieder der jüdischen Gemeinde kaufen die Buche.,Wenige Tage später findet dessen Frau den Juden Aaron totgeschlagen im Brederwald liegen.,Drei Tage später wird Aroon ermordet unter einer Buche.,Friedrichs Charakter wandelt sich im Laufe der Jahre von einem netten und freundlichen Jungen hin zu einem reichen und prahlerischen Mann.,Viele Jahre später kommt ein Mann ins Dorf welcher sich als Johannes ausgibt.,Aaron ist ein Mann jüdischer Herkunft.,"Der Jude Aaron wird nach einer Auseinandersetzung mit Friedrich unter einer Buche erschlagen, wobei der Verdacht sofort auf Friedrich fällt.",Friedrich hat Schulden bei einem jüdischen Händler und dies wird auf einer Dorfhochzeit allgemein bekannt.
14,,Sie wird ab diesem Zeitpunkt als Judenbuche bezeichnet.,Friedrich wird sofort als Mörder verdächtigt.,Friedrich wird beschuldigt und er rennt weg.,Der Jude Aaron wird mit einem Gegenstand erschlagen und tot aufgefunden.,Einige Monate später wird Johannes erhängt an der Judenbuche gefunden.,Er ist Friedrichs Gläubiger.,"Er flieht vor der jüdischen Gemeinde, die die Buche, unter der Aarons Leiche gefunden wird, abkaufen und eine Inschrift in die „Judenbuche“ einritzen.",Der Händler wird tot unter einer Buche aufgefunden und der Verdacht fällt gleich auf den jungen Friedrich Mergel.
15,,Friedrich als erneut Mordverdächtiger ist in der Zwischenzeit mit Johannes weggelaufen.,Allerdings verschwindet Friedrich zusammen mit Johannes Niemand kurz vor seiner Festnahme aus dem Dorf.,"Nicht nur Friedrich ist verschwunden, sondern auch Johannes.",Friedrich soll wegen des Mordes an Aaron verhaftet werden aber er flieht.,Bei der Obduktion wird „Johannes“ als Friedrich Mergel identifiziert.,"Bei der Hochzeit versuchte Aaron, sein Geld einzufordern.","Friedrich verschwindet zusammen mit Johannes Niemand und taucht nach Jahren als kranker und gebrochener Mann im Dorf auf, bekennt sich jedoch nicht als Friedrich, sondern Johannes Niemand.",Als dieser festgenommen werden soll entrinnt er mit dem Jungen Johannes.
16,,Achtundzwanzig Jahre später kehrt Johannes Niemand heim.,So kann auch nach weiteren Nachforschungen schließlich kein Täter für den Mord verantwortlich gemacht werden.,28 Jahre nach dem Mord an Aroon ging Johannes Niemand ins Dorf zurück.,Alle Juden im Dorf gehen zur Buche und ritzen eine Botschaft in die Rinde.,,Dieser Moment stellte für Friedrich den Höhepunkt seiner Schande dar.,"Erst als er tot hängend an der Judenbuche vom Sohn des Försters Brandis aufgefunden wird, kann er durch seine Narbe als Friedrich Mergel identifiziert werden.",Es gibt einen Anhaltspunkt für die Unschuld von Friedrich.
17,,Nach einigen Monaten verschwindet er jedoch wieder.,"Für die Ehrung ihres toten Glaubensbruders lassen die angesehensten Israeliten der Gegend daraufhin zur der Erhaltung des Todesortes, der sogenannten Judenbuche, nach deren Kauf alle restlichen Bäume des Waldes abholzen.",Er war in Häftling in der Türkei gewesen aber we weißt nichts über FRIEDRICH.,1788 kommt ein Fremder ins Dorf und spricht mit dem Gutsherrn über seine Flucht.,,"Eines Nachts gehen die Wachen zu Friedrichs Haus, um ihn zu verhaften, finden aber seine Mutter, die völlig verrückt geworden ist.","Die hebräische Schrift an der Buche heißt: „Wenn du dich diesem Orte nahest, so wird es dir ergehen, wie du mir getan hast“.",Friedrich und Johannes bleiben 28 Jahre verschollen.
18,,Brandis Sohn findet einen erhängten Menschen an der Judenbuche.,Ein halbes Jahr später spricht der Gutsherr von S. Friedrich nach der Lektüre eines zum Nachdenken anregenden Briefes des Präsidenten des Gerichtes zu P. frei von aller Schuld am Mord des Juden Aaron.,Eines Tages im September wird er unter der Buche aufgefunden.,Der Geflohene ist nicht Johannes Niemand sondern Friedrich.,,Friedrich war geflohen.,,Nach dieser Zeit kehrt Johannes in das Dorf zurück und wird in die Gemeinde eingegliedert.
19,,Es handelt sich um Friedrich Mergel.,28 Jahre später nimmt Herr von S so einen sehr verwahrlosten am Vorabend des Weihnachtsfestes wiederaufgetauchten Johannes Niemand freudig und mit Neugier wieder in die Gemeinschaft des Dorfes B. auf.,Er hat selbstmord begangen.,Er stirbt in den Wipfeln der Buche.,,Zu diesem Zeitpunkt wird der Mörder entdeckt. Er war Aaron.,,Der alte Mann verschwindet und wird als Leiche erhängt an der Judenbuche aufgefunden.
20,,,Allerdings erkennt der Gutsherr den nach einem erneuten Verschwinden im September des folgenden Jahres tot unter der Judenbuche aufgefunden Mann als Friedrich Mergel.,"Am Ende stellt sich heraus, dass der Tote Friedrich war.",Alle Dörfer in der Novelle haben keine vollständigen Namen.,,"Nach 28 Jahren kehrt Johannes, der uneheliche Sohn seines Onkels, zurück.",,Es war Friedrich Mergel gewesen der zurückgekehrt war.
21,,,,Er gab sich als Johannes Niemand aus.,,,Genau aus diesem Grund war sein Nachname Niemand.,,
22,,,,,,,Es gab schon immer eine große Ähnlichkeit zwischen Johannes und Friedrich.,,
23,,,,,,,Er ist völlig deformiert und verkrüppelt.,,
24,,,,,,,Es gibt eine Zweideutigkeit: Ist er Johannes oder Friedrich?,,
25,,,,,,,"Am Ende stellte sich heraus, dass es Friedrich war.",,
26,,,,,,,Er hatte seine Narbe.,,
27,,,,,,,"Friedrich war wieder das geworden, was Johannes immer war, eine an Seele und Leib zerstörte Nichtigkeit.",,
