Event_ID,AnnotatorI,AnnotatorJ,AnnotatorL,AnnotatorP,AnnotatorQ,AnnotatorZ,AnnotatorM,AnnotatorE,AnnotatorU,AnnotatorV,AnnotatorS
1,In einem Wirtshaus verpfändet ein Forstgehilfe seinen schönen Hund.,Der Förster Herr Hopp gibt einem vazierenden Forstgehilfen Alkohol im Tausch für dessen makellosen Hund.,Der Revierjäger Hopp geht ein Tauschgeschäft ein.,Der vorherige Besitzer des Hundes war ein obdachloser Mann mit einem Alkoholproblem.,Zu Beginn von „Krambambuli“ findet der Revierjäger Hopp im Wirtshaus zum Löwen in Wischau Gefallen an dem Hund Krambambuli.,Der Revierjäger Hopp erhält in einem Wirtshaus im Handel gegen Kirschbranntwein einen schönen Hund von einem Vagabunden.,Fasziniert von der Schönheit des Tieres kauft der Revierjäger Hopp eines Tages einem Forstgehilfen seinen Hund namens Krambambuli in einer Wirtschaft ab.,Revierjäger Hopp hatte einmal in einem Wirtshaus einen schönen Hund gesehen und hatte Wohlgefallen an dem Hund gefunden.,Der Jäger Hopp tauschte in einem Wirtshaus einen Hund gegen Alkohol ein.,Der Revierjäger Hopp erhandelt sich im Wirtshaus für Alkohol einen reinrassigen Jagdhund Krambambuli.,Jäger Hopp kauft einem Fremden in einer Bar den Hund Krambambuli ab.
2,Der Herr Revierjäger Hopp gibt ihm zwölf Flaschen des Alkohols Krambambuli zum Tausch.,Die Unterwefung des Hundes hat sehr lange gedauert.,Somit erwirbt er den Hund Krambambuli.,Krambambuli ist zwei Jahre alt und ein reinrassiger Jagdhund mit Stammbaum und der auf seinen vorherigen Besitzer fixiert ist.,Er kauft ihn dem verwahrlosten und mit Schulden beladenen Vorbesitzer ab.,Der Jäger bringt ihn in seine mehrere Stunden entfernte Hütte und nach einigen Monaten akzeptiert der Hund den neuen Herr.,Er nimmt erst nach zwei Monaten Hopp als seinen neuen Besitzer an.,Herr Hopp hatte den Herrn des Hundes namens Gelbe zu guten Danziger Kirschbranntwein eingeladen und gab noch zusätzlich zwölf Flaschen von demselben Getränk als Tausch gegen den Hund.,Er musste seinen neuen Hund nach Hause tragen.,Nach zwei Monaten rigoroser Züchtigung akzeptiert er Hopp als neuen Herrn und steht von nun an im Mittelpunkt von Hopps Leben.,Nach einiger Zeit und Sträuben des Hundes erzieht er ihn zu einem treuen Gefährten.
3,Nach diesem wird der Hund Krambambuli benannt.,Später wird der Forstgehilfe zu einem Anführer einer grossen Schaden anrichtenden Bande Wildschützen.,Dieser wird dem Revierjäger erst durch harte Umerziehung treu.,Der Jäger muss den Hund mit Gewalt zu sich in sein Haus mitnehmen.,Doch Krambambuli wehrt sich zunächst gegen das Verlassen seines alten Herrn.,Der Hund ist dem neuen Herren nun treu und trotzt auch dem Grafen als er den Hund adoptieren will.,Dieser schenkt Krambambuli seine gesamte Aufmerksamkeit.,Der Hund wurde nach dem Wein Krambambuli genannt.,Der Hund wollte bei seinem ursprünglichen Besitzer bleiben.,Sorgen und Probleme bespricht Hopp mit seinem Hund.,Alle Leute um Hopp und Krambambuli wollen den Hund für sich haben.
4,Der neue Besitzer Hopp festigt mit viel Anstrengung die Beziehung zu seinem Hund.,Der Oberförster wird als Racheakt für die Bestrafung der Bandenmitglieder von dem Bandenanführer getötet.,Nach dieser Umerziehung sind die beiden kaum zu trennen.,Der Jäger bevorzugt es mit dem Hund zu sprechen statt mit seiner Frau.,Erst nach zwei Monaten Training wird er als treuer Gefährte zum ganzen Stolz des Jägers Hopp.,In der Umgebung betreibt eine Bande Wald- und Wildraub und dies zieht eine härtere Bestrafung für geringe Delikte durch die Dorfbewohner nach sich.,Mit der Zeit wird die Frau des Jägers eifersüchtig auf den Hund.,Nach einem heißen Kampf hatte Hopp Krambambuli nach zwei Monaten endlich gezähmt.,Der Hund wurde erst nach einer gewaltsamen Erziehung seinem neuen Besitzer hörig.,"Dieser zeigt sich treu ergeben, nachdem er dem Grafen als Geburtstagsgeschenk übergeben wurde.",So trifft Hopp mit der Gräfin eine Abmachung um den Besitz des Krambambuli.
5,Im Wald gibt es zeitgleich eine unruhestiftende Bande mit dem Anführer der Gelbe.,Der Hund reagiert in Anwesenheit von Herrn Hopp aufgeregt beim Fund der Leiche.,Der Revierjäger trifft den alten Besitzer Krambambulis.,Ihm kann er alles erzählen.,Sogar mit seiner Frau spricht Hopp in Ermangelung von gemeinsamen Interessen nur über den Hund.,Frauen und Kinder stehlen AnnotatorMenblüten und werden vom Oberförster hart dafür bestraft.,Die Gräfin will den au§ergewöhnlichen Hund als Geschenk für den Grafen haben.,"Krambambuli wurde ein eifriger Diener, guter Kamerad, treuer Freund und Hüter von Hopp.",Der Jäger wurde gezwungen den Hund als Geschenk an seinen Brotherrn zu geben.,"Er kehrt halb totgeprügelt vom Grafen, aber winselnd vor Glück zu Hopp zurück.",Nur unter der Bedingung des Gehorsams dürfe der Hund bei ihr bleiben.
6,Die Bevölkerung ist deshalb sehr aufgebracht.,Der Hund kennt den Mörder.,Krambambuli gehorcht nach langen Zögern seinem ehemaligen Besitzer.,Seine Frau ist deshalb neidisch auf den Hund aber sie hört ihrem Mann nicht zu.,Zur Probe des Hundes den Wunsch der Gräfin gewährend gibt er zwei Jahre später Krambambuli als Geschenk an den Grafen weiter.,Daraufhin wird der Oberförster tot und mit AnnotatorMenblütenverziehrungen verspottet aufgefunden.,Doch nach wochenlangen Eingewöhnungsversuchen bekommt Hopp den treuen Krambambuli wieder zurück.,Nach zwei Jahren kam die Gräfin des Brotherrn von Hopp und wollte den Hund als Geschenk für den Herrn Grafen mitnehmen.,Im Haus des Brotherrn hat der Hund weder gegessen noch gehorcht.,Zur selben Zeit macht ein Wilddieb die Wälder unsicher.,Krambambuli benimmt sich jedoch nicht und will ausreißen.
7,In einem AnnotatorMenrondell kommt es dahingehend zu einem Vorfall.,Herr Hopp hätte den Mörder bei Gelegenheit von hinten erschiessen können.,Hopp entscheidet sich deshalb Krambambuli zurückzulassen.,Zudem weiß der Jäger nichts über das er mit seiner Frau sprechen könnte.,Doch der Graf findet keine Freude an dem aus Treue zu seinem Herrn immer mehr verwahrlosendem Tier.,Der Revierförster Hopp und sein Hund Krambambuli finden ihn und der Hund scheint an der Leiche einen bekannten Geruch zu schnüffeln.,Eine von einem besonders schlimmen Wilderer angeführte Gruppe zieht umher und richtet gro§en Wild- und Waldschaden an.,Leider ließ sich Krambambuli nicht von dem Graf zähmen und der Graf brachte ihn wieder zu Hopp zurück.,Hopp durfte den Hund wieder abholen.,"Hopp erhält daraufhin den Auftrag, Jagd auf den Übeltäter zu machen.",Somit kommt der Hund zurück zu seinem Jäger.
8,Der Oberförster verletzt stehlende Kinder und Frauen dort schwer.,Stattdessen hat er den Täter konfrontiert.,Der Hund verhungert deshalb.,Sie interessiert sich nicht für das was beruflich macht und er beginnt über den Hund zu sprechen.,So kann Hopp in Erfüllung seiner eigenen Erwartungen Krambambuli wieder mit zu sich nach Hause holen.,Danach kommt es zu einer Begegnung zwischen Hopp und dem Anführer der Wildräuber welcher der Gelbe genannt wird.,Hopp wird vom Oberförster mit dem Erfassen des Anführers beauftragt.,Eines Tages betrat eine Bande Wildschützer das Gelände der gräflichen Forsten.,In der Grafschaft trieb zurzeit eine Bande von Wildschützen ihr Unwesen.,Zur Abschreckung werden selbst harmlose Waldfrevel streng geahndet.,Beide freuen sich sehr darüber und sind glücklich.
9,Unter ihnen erkennt Hopp die Geliebte des Gelben.,Herr Hopp und der Bandenanführer rufen den Hund beiden zu sich.,Kurz vor Krambambulis Tod will der Revierjäger ihn wieder aufnehmen.,Der Graf möchte als Geschenk Krambambuli haben aber nach ein paar Wochen des Versuchs holt der Jäger seinen Hund wieder ab.,"Zu dieser Zeit sorgt eine Bande Wilderer um ihren Anführer, „den Gelben“, für Wald- und Wildschäden in den gräflichen Forsten.",Der Jäger möchte auf den Gelben schießen doch sein Gewehr versagt.,Der Oberförster bestraft alle Bürger schon bei kleinen Vergehen im Wald hart.,Der Oberförster raste in unermesslicher Wut als ein Dutzend kleiner Jungen den Baum geschüttelt haben und zwei Weiber die Zweige mit AnnotatorMenblüten in Körbe stopften.,Der Oberförster gab Hopp die Anweisung besonders aufmerksam zu sein.,"So geht der Oberförster mit zwei Frauen nicht zimperlich um, die Brennholz einsammeln.",Im weiteren Verlauf der Geschichte wird der Oberförster ermordet.
10,Eine Woche später findet er die entstellte Leiche des Oberförsters bei den AnnotatorMen.,Der Hund geht zu seinem ersten Herren.,Dafür ist es jedoch zu spät.,Wildtöter treiben im Wald ihr Unwesen.,Dies bewegt den Oberförster der Gegend und damit auch den Revierjäger Hopps zu einer verschärfteren Aufsicht des Gebietes.,Der Gelbe schießt auf den Jäger und trifft mit seinem letzten Schuss seinen Hut.,Eines Tages findet ihn Hopp dann tot auf.,Oberförster ließ die Jungen vom Baum herunterfallen und verprügelte die Weiber eigenhändig.,Der Oberförster war zu dieser Zeit auch bei Kleinigkeiten sehr streng.,"Als Zeuge dessen ist Hopp zwar empört, bleibt seinem Vorgesetzten aber weiterhin gefügig. Da eine der beiden Frauen den Ruf als Geliebte des Wilddiebs zu sein, wird kurz nach dem Vorfall im Wald der Oberförster ermordet aufgefunden und hat den Schießprügel des Wilddiebs im Arm.",Krambambuli und Jäger Hopp treffen im Wald auf den Mörder.
11,Krambambuli kennt den Mörder.,Der Bandenanführer wird von Herrn Hopp erschossen.,,Frauen und Jungen klauen im Park die AnnotatorMenblüten.,Bei einem solchen Vorfall geht der Oberförster brutal gegen die Geliebte des „Gelben“ vor.,In der zwischenzeit erkennt Krambambuli in dem Gelben seinen ersten Herren.,Der Jäger lässt Krambambuli an der Leiche schnuppern und dieser reagiert für Hopp ganz eindeutig auf den Geruch seines alten Herrchens.,Eine Woche später fand Hopp mit seinem Hund die Leiche des Oberförsters im AnnotatorMenrondell.,Eine Woche später wurde der Oberförster vom Jäger tot aufgefunden.,"Da Krambambuli sich in der Nähe der Leiche seltsam verhält, verdächtigt Hopp Krambambulis früheren Besitzer des Mordes.",Dabei handelt es sich um den Fremden vom Anfang der Geschichte.
12,Hopp trifft einige Zeit später auf den Mörder des Oberförsters.,Der Hund bleibt auch nach dem Tod seines ersten Herrn bei ihm.,,Nach ein paar Wochen ist der Oberförster tot in demselben Park vom Jäger gefunden worden.,Daraufhin findet der Revierjäger ihn eine Woche später ermordet am selben Ort vor.,Der Hund will zum Gelben laufen und ist dabei jedoch sichtlich zwischen seinen zwei Herren hin- und hergerissen.,Hopp beauftragt trotzdem die Polizei mit dem Mord.,Der Oberförster wurde mit einem dichten Kranz aus AnnotatorMenblüten bedeckt.,Der Hund scheint eine Fährte an der Leiche aufgenommen zu haben.,Hopp ertappt den Wilderer sogar auf frischer Tat.,Die beiden schießen aufeinander.
13,Sie schießen aufeinander.,Herr Hopp empfindet das als Verrat an seiner Treue.,,Der Oberförster ist erschossen worden und rund um die Leiche sind AnnotatorMenblüten verstreut worden und als Kränze auf der Leiche abgelegt worden.,Das merkwürdiges Verhalten Krambambulis beim Auffinden der Leiche lässt in dem Revierjäger Hopps eine schlimme Vorahnung entstehen.,Unter sichtlichem Leiden entscheidet sich der Hund für seinen ersten Herren.,Bald darauf begegnet er dem Wilderer und Mörder persönlich.,Der schöne Hinterlader des Oberförsters fehlte und war durch einen elenden Schießprügel ersetzt.,Hopp traf im Wald auf den Anführer der Wildschützen.,Zunächst versagt Hopps Gewehr und auch der Schuss des Wilddiebs verfehlt sein Ziel.,Währenddessen ist Krambambuli hin- und hergerissen zwischen seinem ehemahligen und seinem jetzigen Herrchen.
14,Krambambuli entscheidet sich im Gefecht für den Mörder als seinen alten Besitzer.,Er verstößt den Hund.,,Der Hund benimmt sich in der Gegenwart der Leiche seltsam.,Und so erkennt Krambambuli bei einem Aufeinandertreffen Hopps und des „Gelben“ nach zehn Tagen am Tatort seinen ursprünglichen Herrn wieder.,Dabei haben die beiden Konkurenten ihre Waffen nachgeladen und schießen aufeinander.,Es kommt zu einem ersten Schusswechsel und alle bleiben unverletzt.,In Krambambuli erwache eine längst erstorbene Erinnerung als er den toten Mann beschnüffelt.,Krambambuli erkannte im Anführer der Wildschützen seinen ehemaligen Besitzer.,Letztlich begleitet Krambambuli den Leichnam des Wilddiebs bis ans Grab.,Letztendlich entscheidet er sich für sein ehemahliges Herrchen.
15,Hopp erschießt den Gelben.,Der Hund geht alleine im Wald leben.,,Der Mörder des Oberförsters ist Krambambulis vorheriger Besitzer und dieser ist ebenfalls der Wildtöter.,Trotz seiner Zerrissenheit zwischen beiden Herren entscheidet sich der Hund in diesem Moment für seinen ursprünglichen Herren.,Der Hund spring nun auf seinen ersten Herren zu und dieser verschießt seinen Schuss.,Doch der Hund gerät in einen Konflikt und kriecht auf dem Boden den Lockungen seines alten Herrchens nach weg von Hopp.,Am zehnten Tag nach dem Tod des Oberförsters war Hopp mit Krambambuli im Grafenwald spazieren gegangen und trafen Gelbe.,Er war zwischen den beiden hin- und hergerissen.,Hopp ist enttäuscht von der Treue seines Hundes gegenüber dem Wilddieb und will nichts mehr von ihm wissen.,Daraufhin bringt Hopp den Fremden um und will auch Krambambuli erschießen.
16,Er lässt den Verräter Krambambuli zurück.,Herr Hopp kann aber ohne seinen Hund nicht mehr leben.,,Zwischen den beiden Herren kommt es zu einem Gewehrduell,Aufgrund der Begrüßung des „Gelben“ durch Krambambuli kann Hopps den Anführer der Wilderer töten.,Der Jäger trifft jedoch den Gelben und der unglückliche Hund bleibt nun bei seinem toten Herren.,Aus Zorn und Enttäuschung schie§t Hopp erneut und trifft.,Gelbe hatte den Hinterlader des Oberförsters auf seiner Schulter gesetzt.,Der Hund entschied sich für sein ursprünglichen Besitzer.,Krambambuli läuft weg und führt von nun an ein Vagabundenleben.,Jedoch bringt er es nicht übers Herz und so wird Krambambuli zum traurigen Streuner.
17,Dieser streunt lange herrenlos durch die Gegend.,Er sieht an einem Abend seinen Hund durch das Fenster.,,Der Jäger erschießt Krambambulis ersten Besitzer.,Allerdings verstößt er den Hund daran anschließend wegen dessen Verrats.,Er hat nun keinen Herren mehr der ihn versorgt und verelendet.,Krambambuli weicht seinem alten Herrn bis zum Grab nicht von der Seite.,Deswegen glaubte Hopp fest an Gelbes Schuld und er wollte ihn töten.,Hopp erschoss daraufhin den einstigen Besitzer von Krambambuli.,Eines Tages erscheint er jedoch wieder vor Hopps Haus.,Lange läuft der Hund alleine draußen herum.
18,Hopp möchte seinen ehemaligen Hund heimholen.,Er will den Hund am nächsten Morgen suchen.,,Eigentlich möchte er auch den Hund erschießen wegen seiner Untreue ihm gegenüber doch kann er es nicht.,Daraufhin verwahrlost Krambambuli ohne seinen Herrn.,Der Revierjäger möchte seinen scheinbar untreuen Hund nicht mehr zurück.,Den Rest der Zeit streift das Tier abgehungert und einsam umher.,Weil Krambambuli sich zwischen Hopp und dem alten Herrn Gelbe nicht entscheiden konnte war Hopp böse auf Krambambuli.,Der Hund lebte infolgedessen herrenlos auf der Stra§e.,Dieser will nichts mehr von Krambambuli wissen und verschließt Tür und Fenster.,Nach einiger Zeit will Hopp ihn doch wieder zu sich aufnehmen.
19,Jedoch liegt er zu diesem Zeitpunkt bereits tot auf seiner Schwelle.,Der Hund liegt an diesem Tag schon tot vor der Haustür.,,Der Hund geht mit dem Toten und führt dann ein Leben als Streuner bis der Jäger beschließt ihn zu suchen.,Auch ein späterer Widerruf dieses Beschlusses durch den Jäger kann den Hund nun nicht mehr retten.,Nach einiger Zeit vermisst er Krambambuli jedoch und möchte ihn suchen gehen.,Auch Hopp kann ihm lange nicht verzeihen.,Krambambuli war obdachlos geworden und verhungerte und lag letztendlich verendet vor Hopps Tür.,Der Jäger entschloss sich nach einiger Zeit den Hund wieder aufzunehmen.,Zu spät kommt er zur Besinnung und findet nur noch den toten Hund vor.,Er öffnet die Haustüre und bemerkt die Leiche des verstorbenen Krambambuli auf der Veranda.
20,Der Revierjäger kommt nie über den tiefen Verlust hinweg.,,,Der Hund liegt am darauffolgenden Morgen tot auf der Schwelle des Hauses in dem der Jäger wohnt.,So kann der Revierjäger am Ende von „Krambambuli“ den Tod seines geliebten Hundes nur noch betrauern.,Der Revierjäger tritt nach draußen und findet seinen treuen und zurückgekehrten Hund tot vor seiner Türschwelle.,Eines Tages will er Krambambuli suchen und er liegt tot vor seiner Türschwelle.,,Am nächsten Morgen lag der Hund bereits tot auf seiner Schwelle.,,