Event_ID,AnnotatorW,AnnotatorB,AnnotatorC,AnnotatorN,AnnotatorD,AnnotatorK,AnnotatorR,AnnotatorU,AnnotatorL,AnnotatorF
1,Gregor Samsa verwandelt sich in einen Käfer.,Gregor wacht als Käfer auf.,Gregor Samsa wacht eines Morgens in seinem Bett auf.,Gregor Samsa wachte eines morgens auf.,Gregor Samsa wacht eines morgens als Ungeziefer verwandelt auf.,Gregor Samsa wacht an einem Arbeitstag als Käfer auf und kann aufgrund seiner Unbeweglichkeit nicht bei seiner Arbeit erscheinen.,An einem frühen Morgen erwacht der jungendliche Gregor Samsa in einem Insektenkörper.,Eines Tages wachte Gregorio als Ungeziefer auf.,Die Erzählung handelt von der plötzlichen Verwandlung des Vertreters Gregor Samsa in einen Käfer.,"Gregor Samsa, ein Reisender von Beruf, wacht morgens als ein Käfer verwandelt auf."
2,Finanzielle Situation der Familie wird bedroht durch Gregors Erwerbslosigkeit.,Er realisiert es nicht.,"Er schaut zu sich runter und findet sich, zu seinem Erstaunen, zu einem Ungeziefer (Käfer) verwandelt.",Und war in ein Ungeziefer verwandelt worden.,Seine Verwandlung wird weder hinterfragt noch erklärt.,Aufgrund der Arbeitsunfähigkeit seines Vaters und dessen Schulden muss Gregor als einziger das Geld zur Verpflegung der gesamten Familie verdienen.,Das Aufstehen aus dem Bette bereitet Gregor Samsa große Mühe.,Gregorio hatte starke Schmerzen beim aufstehen.,Durch die Verwandlung kann er seinen Beruf nicht mehr ausüben.,Seine Familie und der Prokurist sind bei dieser Entdeckung erstaunt.
3,Zunehmnde Antipathie der Familie gegenüber Gregor.,Er hat verschlafen und kommt zu spät auf die Arbeit.,"Anstatt weitere Gedanken über seinen Zustand zu verlieren, macht sich Gregor Samsa Gedanken darüber, wie er trotz seines Unglücks rechtzeitig zu seiner Arbeitsstelle komme.","Die Mutter, der Vater und der Prokurist schauen nach ihm.",Gregor sorgt sich hauptsächlich um das Wohl seiner von ihm bisher abhängigen Familie.,Der Prokurist seiner Arbeitsstelle kommt ihn aufgrund seines Fehlens besuchen.,Er kann nicht mehr rechtzeitig zur Arbeit gehen.,Der Prokurist wunderte sich über Gregors Abwesenheit bei der Arbeit.,Seine Familie war jedoch von seinem Einkommen abhängig.,Er wird in seinem Zimmer gefangen gehalten.
4,Gregor stirbt.,Er versucht aufzustehen.,"Der Reihe nach klopfen seine Mutter, Schwester und sein Vater an seine verschlossene Zimmertür, ohne dass Gregor diese öffnet.",Sehen das er sich verwandelt hat.,Die Sorgen der anderen Familienmitglieder sind egozentrisch.,Der Prokurist versucht Gregor gemeinsam mit seinen Eltern aus seinem Zimmer zu locken.,Seine Familie macht sich sorgen um Ihn und die Konsequenzen seiner Unpünktlichkeit.,Gregorio verletze sich beim Öffnen der Tür.,Aufgrund seines neuen Zustands denkt er über Abhängigkeiten und Unzulänglichkeiten seines Daseins nach.,"Seine Schwester, Grete, bringt ihm Essen und räumt sein Zimmer auf."
5,Die Familie profitiert.,Ein Mitarbeiter ist gekommen.,Der Prokurist von Gregor Samsas Arbeitsstelle erscheint kurz darauf bei der Familie und erkundigt sich über das Wohlbefinden und die Versäumniserklärungen des immer noch im Bett liegenden Gregor Samsas.,Gregor wurde im Zimmer eingesperrt.,Sie missachten die Situation in der sich Gregor befindet.,Aufgrund Gregors Verfassung wird sein Vater aggressiv.,Gregor Samsa ist der Hauptversorger in der Familie.,Beim Anblick Gregorios verliess der Prokurist die Wohnung der Familie.,Seine Eltern und Schwester Grete wenden sich von ihm ab.,Beim Versuch sein Zimmer auszuräumen erblickt die Mutter ihn.
6,,Seine Familie versuchen Gregor zu helfen.,"In Gedanken an die Möglichkeit seine Arbeit zu verlieren und die dadurch entstehende Familietragödie, öffnet Gregor Samsa mit Mühe seine Zimmertür und versucht den Prokuristen vom Verlassen der Wohnung zu hindern.",Die Schwester pflegt ihn.,Gregor wird von allen sehr schnell als Ungeziefer und nicht als Mensch gesehen.,Gregors Schwester Grete kann ebenfalls keine Arbeit verrichten und muss sich nun um Gregor kümmern.,Seine Familie ist entsetzt über den erstmaligen Anblick von Gregors Käfererscheinung und erkennt ihn kaum wieder.,Der Vater schloss Gregorio gewaltsam in sein Zimmer ein.,Der körperlichen Metamorphose folgt die psychische.,Sie wird ohnmächtig.
7,,Er kommt aus seinem Zimmer heraus.,"Während seines scheiternen Versuches, sehen ihn seine erschrockenen und verwirrten Eltern.",Zuvor hatte nur Gregor gearbeitet.,Er kann die Menschen verstehen.,Als Leser erkennt man nach und nach den Verfall Gregors menschlicher Identität.,Gregor fühlt sich missverstanden und wird vom Vater gewaltsam in sein Zimmer zurück gedrängt.,Gregorio wurde von der ganzen Familie ignoriert.,Gregors menschliche Züge verblassen.,Der Vater vermutet Gregor habe ihr etwas angetan.
8,,Jeder erschreckt sich vor Gregor.,"Gregor Samsa wird beim Zurückgehen von seinem Vater mit einem Stoß in sein Zimmer geschickt und fällt in einen ohnmachtsähnlichen Schlaf, von dem er erst wieder in der Abenddämmerung erwacht.",Da er jetzt nicht mehr arbeiten kann.,Aber die Menschen können ihn nicht verstehen.,Gregors Eltern räumen sein Zimmer aus.,In den Zimmer wird Gregor schließlich auf Dauer eingesperrt,"Grete, die Schwester, brachte ihm täglich Essensreste.",Er stirbt einsam.,Deshalb bewirft er ihn mit Äpfeln.
9,,Man versteht ihn in seinem Zimmer.,"Nach seinem Erwachen beobachtet Gregor Samsa durch den Türspalt, das ihm friedlich vorkommende Leben seiner Familie, über deren, durch ihn zu ertragende, Unannehmlichkeiten er sich weiterhin Gedanken macht.",Geht der Rest der Familie arbeiten.,"Alle Familienmitglieder waren anfangs eher schwach, eigennützig und voneinander separiert.",Gregors Mutter interpretiert den Schutz eines seiner Lieblingsgemälde als Angriff und wird daraufhin bewusstlos.,Seine Schwester Grete kümmert sich von nun an um seine besonderen Insektenbedürfnisse.,Gregorio machte sich sorgen und schämte sich für die Zukunft seiner Familie.,Seine Familie lebt ohne Gedanken an ihn zu verschwenden weiter.,Einer der Äpfel bleibt in seinem Rücken stecken und schränkt seine Bewegung ein.
10,,Gregors Schwester verpflegt ihn.,"Seine Schwester bringt ihm täglich, mit bewusstem Abstand, verfaultes und übriggebliebenes Essen sowie trockenes Brot und einen Wassernapf in sein Zimmer.",Zusätzlich kommen drei Untermieter dazu.,Zunächst versorgt die Schwester Gregor mit dem Nötigsten und ist sein einziger Kontakt.,Gregor wird von seinem Vater mit Apfelresten beworfen und dadurch verletzt.,Gregor ist der einzige im Haus der mit der Situation richtig umzugehen versteht.,Gregorio fing an durch die Wände zu kriechen.,,Gregors Familie bemerkt ihre Abneigung ihm gegenüber.
11,,Er kann nicht mehr arbeiten gehen.,Dieser kann ihr aufgrund seines Zustands nicht danken und quält sich weiter mit Gedanken über seine Familie und deren (akute) Unannehmlichkeiten.,Jedoch gehen sie wieder.,Aber sie ekelt und fürchtet sich vor Gregor.,Die Familie verdient ihr Geld nun durch das Vermieten von Zimmern ihrer Wohnung und deshalb muss Gregor in seinem Zimmer bleiben.,Gregor als Wirtschaftskraft fällt von nun an weg und seine Familie springt von nun an seiner Stelle ein.,Seine Mutter und Schwester räumten sein Zimmer auf.,,Er darf abends mit offener Zimmertür das Familienleben begutachten.
12,,Die Familie fängt an arbeiten zu gehen und Geld zu verdienen.,"Gregor Samsas Mutter, die er gerne sehen möchte, kommt nach einigen Monaten  zusammen mit seiner Schwester in das Zimmer, um einige seiner Möbel herauszutragen.",Nachdem sie Gregor gesehen haben.,Gegen Ende werden die einzelnen Familienmitglieder immer eigenständiger und aktiver.,Gregor wird von seiner Familie nach und nach mehr vernachlässigt.,Gregors Bedürfnisse werden mit zunehmender Zeit vernachlässigt.,Gregorio ist aus seinem Zimmer ausgebrochen.,,Gregor läuft ins Wohnzimmer um Grete beim Geige spielen zu beobachten.
13,,Die Schwester wurde zum Familien Oberhaupt.,"Als Gregor Samsa klar wird, dass sein Zimmer ausgeräumt wird, wehrt er sich und verletzt sich mit einer Glasscherbe im Gesicht.",Am Ende stirb Gregor wegen der Familie.,Während Gregor gleichzeitig immer schwächer wird.,Gregor verscheucht durch sein Auftauchen in der Wohnung die Untermieter.,Gregors Zimmer und Lebensraum wird von der Mutter und Grete umgestaltet.,Der Vater jagte ihn mit Äpfeln zurück in seinem Zimmer.,,Der Vater drängt die Untermieter weg und sie kündigen.
14,,Gregor und sein Vater geraten in einen Streit.,Durch die Türspalte seiner Zimmertür beobachtet Gregor Samsa in der nächsten Zeit die familiären Änderungen in der Wohnung bis zur Vermietung eines Zimmer an drei Zimmerherren.,Er wurde nicht mehr geliebt und nicht gepflegt.,"Durch Gregors Verdienstausfall muss nun die restliche Familie, für das Einkommen zu sorgen.",Die Familie möchte Gregor beseitigen.,Die Mutter fällt in Ohnmacht als sie Gregor zu Gesicht bekommt.,Gregorio wurde durch den Angriff schwerverletzt.,,Die Familie beschließt aufgelöst das Loswerden Gregors.
15,,Der Vater verletzt Gregor schwer.,Eines Abends spielt Gregor Samsas Schwester für die Zimmerherren auf ihrer Violine und Gregor Samsa kriecht aus seinem Zimmer.,,Insbesondere der Vater wendet mehrmals Gewalt gegen Gregor an.,Noch bevor seine Familie Gregor töten kann erliegt er seinen Verletzungen.,Gregor büxt aus seinen Zimmer aus um seiner Schwester zu helfen.,Die Familie untervermietete ein Zimmer der Wohnung.,,Gregor selbst fühlt sich von der Familie vernachlässigt.
16,,Gregors Lage verschlechtert sich von Tag zu Tag.,Nachdem die Zimmerherren ihn erblicken versucht der Vater diese zu beruhigen.,,Gregor fügt sich von vornherein seinem Schicksal.,Grete wird von ihren Eltern nun noch mehr gefördert und Gregor wird vergessen.,Sein Vater verletzt ihn mit einen geworfenen Apfel schwer.,Gregorios erschreckte mit seinem Anblick die neuen Mieter.,,Er möchte auch nicht mehr so leben.
17,,Die Familie hat Zimmer im Haus vermietet.,"Die Familie diskutiert in Anwesenheit Gregors, ohne diesen jedoch zu beachten, dass ein Zusammenleben zwischen Mensch und Tier nicht möglich sei und man das Tier loswerden müsse.",,Seine Existenz macht er von der Notwendigkeit dieser für seine Familie abhängig.,,Die bei Bewusstsein wiedererlangte Mutter konnte schlimmeres verhindern.,Gregorio hörte vor Scham und Traurigkeit auf zu essen.,,Durch seine Verletzung des Apfels ist er weiterhin geschwächt.
18,,Die Mieter sehen Gregor und kündigen.,"Auf dem Rückweg in sein Zimmer, wird Gregor Samsa von seiner Schwester geschubst und die Tür hinter ihm zugesperrt.",,Er stirbt einsam in dem Moment als er seine Familie nur noch eine Last ist.,,Gregor litt Wochenlang unter schmerzen wegen den festsitzenden Apfel im Körperpanzer und seine ungestillten Bedürfnisse.,Gregorio starb.,,Am nächsten Morgen ist Gregor verstorben.
19,,Gregor stirbt.,Am nächsten Morgen findet die Bedierin Gregor Samsa tot in seinem Zimmer.,,Gregors Tod führt die restliche Familie stärkt und enger zusammen.,,Schließlich erlag Gregor seinen Verletzungen und seinen ungestillten Hunger.,Gregorios Leib wurde vom Dienstmädchen entsorgt.,,Die Familie ist erleichtert.
20,,Die Familie hat Ruhe/Frieden gefunden.,"Die Familie verlässt gemeinschaftlich die Wohnung und fährt, mit Gedanken an die jetzige Besserung ihrer Lage, mit dem Auto aus der Stadt.",,Sie sind erleichtert über den Tod Gregors.,,Der Familie ist das Problem somit abhanden gekommen und träumt von einer neuen Zukunft.,Gregorios Familie war durch seinen Tod erleichtert.,,